StartDate,EndDate,Status,IPAddress,Progress,Duration (in seconds),Finished,RecordedDate,ResponseId,RecipientLastName,RecipientFirstName,RecipientEmail,ExternalReference,LocationLatitude,LocationLongitude,DistributionChannel,UserLanguage,Q1,Q2,Q2_4_TEXT,Q3,Q3_8_TEXT,Q16,Q16_2_TEXT,Q4,Q5,Q6,Q8,Q9,Q19,Q20,Q21,Q22,Q11,Q10,Q17_1,Q17_2,Q17_3,Q17_4,Q17_5,Q17_6,Q17_7,Q17_8,Q17_9,Q17_10,Q17_11,Q17_12,Q17_13,Q17_14,Q17_15,Q17_16,Q17_17,Q17_18,Q17_19,Q17_20,Q17_21,Q17_22,Q17_23,Q17_24,Q17_25,Q12_1,Q12_2,Q12_3,Q12_4,Q12_5,Q12_6,Q12_7,Q12_8,Q12_9,Q12_10,Q12_11,Q12_12,Q12_13,Q12_14,Q12_15,Q13_1,Q13_2,Q13_3,Q13_4,Q13_5,Q13_6,Q13_7,Q13_8,Q13_9,Q13_10,Q13_11,Q13_12,Q13_13,Q13_14,Q14_1,Q14_2,Q14_3,Q14_4,Q14_5,Q14_6,Q14_7,Q15,SC0
Start Date,End Date,Response Type,IP Address,Progress,Duration (in seconds),Finished,Recorded Date,Response ID,Recipient Last Name,Recipient First Name,Recipient Email,External Data Reference,Location Latitude,Location Longitude,Distribution Channel,User Language,What is your age?,What is the gender you most identify with? - Selected Choice,What is the gender you most identify with? - Prefer to Self-Describe - Text,Please identify the race(s) or ethnicity(ies) you identify with (select all that apply) : - Selected Choice,Please identify the race(s) or ethnicity(ies) you identify with (select all that apply) : - Other/Prefer to Self-Describe - Text,What country or countries are you a citizen of? (Select all that apply.) - Selected Choice,What country or countries are you a citizen of? (Select all that apply.) - Other - Text,What level of nursing courses are you currently taking?,Did you transfer to Luther College from another school?,Have you followed the laid out curriculum plan for the nursing major at Luther College or did you transfer in one or more courses (such as microbiology or psychology)?,"Prior to classes moving to online, were you working during the academic year (either on campus or off)?",Approximately how many hours per week were you working?,"Now that classes have moved online, are you currently working?",Approximately how many hours per week are you working?,Are you working in a location that you believe puts you at a higher risk to contracting COVID-19 than the general population?,Please describe the type of work environment you are in (i.e. grocery store).,Please check if you are utilizing any of the following resources at Luther College.,"In a given week, approximately how many hours of extracurricular activities are you involved in when on campus (ex. music, athletics, college organizations, etc.)?","For each item, please indicate how much you agree with the following statements as they apply to you over the last MONTH. If a particular situation has not occurred recently, answer according to how you think you would have felt. - 1. I am able to adapt when changes occur.","For each item, please indicate how much you agree with the following statements as they apply to you over the last MONTH. If a particular situation has not occurred recently, answer according to how you think you would have felt. - 2. I have at least one close and secure relationship that helps me when I am stressed.","For each item, please indicate how much you agree with the following statements as they apply to you over the last MONTH. If a particular situation has not occurred recently, answer according to how you think you would have felt. - 3. When there are no clear solutions to my problems, sometimes fate or God can help.","For each item, please indicate how much you agree with the following statements as they apply to you over the last MONTH. If a particular situation has not occurred recently, answer according to how you think you would have felt. - 4. I can deal with whatever comes my way.","For each item, please indicate how much you agree with the following statements as they apply to you over the last MONTH. If a particular situation has not occurred recently, answer according to how you think you would have felt. - 5. Past successes give me confidence in dealing with new challenges and difficulties.","For each item, please indicate how much you agree with the following statements as they apply to you over the last MONTH. If a particular situation has not occurred recently, answer according to how you think you would have felt. - 6. I try to see the humorous side of things when I am faced with problems.","For each item, please indicate how much you agree with the following statements as they apply to you over the last MONTH. If a particular situation has not occurred recently, answer according to how you think you would have felt. - 7. Having to cope with stress can make me stronger.","For each item, please indicate how much you agree with the following statements as they apply to you over the last MONTH. If a particular situation has not occurred recently, answer according to how you think you would have felt. - 8. I tend to bounce back after illness, injury, or other hardships.","For each item, please indicate how much you agree with the following statements as they apply to you over the last MONTH. If a particular situation has not occurred recently, answer according to how you think you would have felt. - 9. Good or bad, I believe that most things happen for a reason.","For each item, please indicate how much you agree with the following statements as they apply to you over the last MONTH. If a particular situation has not occurred recently, answer according to how you think you would have felt. - 10. I give my best effort no matter what the outcome may be.","For each item, please indicate how much you agree with the following statements as they apply to you over the last MONTH. If a particular situation has not occurred recently, answer according to how you think you would have felt. - 11. I believe I can achieve my goals, even if there are obstacles.","For each item, please indicate how much you agree with the following statements as they apply to you over the last MONTH. If a particular situation has not occurred recently, answer according to how you think you would have felt. - 12. Even when things look hopeless, I don't give up.","For each item, please indicate how much you agree with the following statements as they apply to you over the last MONTH. If a particular situation has not occurred recently, answer according to how you think you would have felt. - 13. During times of stress/crisis, I know where to turn for help.","For each item, please indicate how much you agree with the following statements as they apply to you over the last MONTH. If a particular situation has not occurred recently, answer according to how you think you would have felt. - 14. Under pressure, I stay focused and think clearly.","For each item, please indicate how much you agree with the following statements as they apply to you over the last MONTH. If a particular situation has not occurred recently, answer according to how you think you would have felt. - 15. I prefer to take the lead in solving problems rather than letting others make all of the decisions.","For each item, please indicate how much you agree with the following statements as they apply to you over the last MONTH. If a particular situation has not occurred recently, answer according to how you think you would have felt. - 16. I am not easily discouraged by failure.","For each item, please indicate how much you agree with the following statements as they apply to you over the last MONTH. If a particular situation has not occurred recently, answer according to how you think you would have felt. - 17. I think of myself as a strong person when dealing with life's challenges and difficulties.","For each item, please indicate how much you agree with the following statements as they apply to you over the last MONTH. If a particular situation has not occurred recently, answer according to how you think you would have felt. - 18. I can make unpopular or difficult decisions that affect other people, if it is necessary.","For each item, please indicate how much you agree with the following statements as they apply to you over the last MONTH. If a particular situation has not occurred recently, answer according to how you think you would have felt. - 19. I am able to handle unpleasant or painful feelings like sadness, fear, and anger.","For each item, please indicate how much you agree with the following statements as they apply to you over the last MONTH. If a particular situation has not occurred recently, answer according to how you think you would have felt. - 20. In dealing with life's problems, sometimes you have to act on a hunch without knowing why.","For each item, please indicate how much you agree with the following statements as they apply to you over the last MONTH. If a particular situation has not occurred recently, answer according to how you think you would have felt. - 21. I have a strong sense of purpose in life.","For each item, please indicate how much you agree with the following statements as they apply to you over the last MONTH. If a particular situation has not occurred recently, answer according to how you think you would have felt. - 22. I feel in control of my life.","For each item, please indicate how much you agree with the following statements as they apply to you over the last MONTH. If a particular situation has not occurred recently, answer according to how you think you would have felt. - 23. I like challenges.","For each item, please indicate how much you agree with the following statements as they apply to you over the last MONTH. If a particular situation has not occurred recently, answer according to how you think you would have felt. - 24. I work to attain my goals no matter when roadblocks I encounter along the way.","For each item, please indicate how much you agree with the following statements as they apply to you over the last MONTH. If a particular situation has not occurred recently, answer according to how you think you would have felt. - 25. I take pride in my achievements.","Below is a collection of statements about your everyday experience. Using the scale below, please indicate how frequently or infrequently you currently have each experience. Please answer according to what really reflects your experience rather than what you think your experience should be. Please treat each item separately from every other item. - 1. I could be experiencing some emotion and not be conscious of it until some time later.","Below is a collection of statements about your everyday experience. Using the scale below, please indicate how frequently or infrequently you currently have each experience. Please answer according to what really reflects your experience rather than what you think your experience should be. Please treat each item separately from every other item. - 2. I break or spill things because of carelessness, not paying attention, or thinking of something else.","Below is a collection of statements about your everyday experience. Using the scale below, please indicate how frequently or infrequently you currently have each experience. Please answer according to what really reflects your experience rather than what you think your experience should be. Please treat each item separately from every other item. - 3. I find it difficult to stay focused on what's happening in the present.","Below is a collection of statements about your everyday experience. Using the scale below, please indicate how frequently or infrequently you currently have each experience. Please answer according to what really reflects your experience rather than what you think your experience should be. Please treat each item separately from every other item. - 4. I tend to walk quickly to get where I'm going without paying attention to what I experience along the way.","Below is a collection of statements about your everyday experience. Using the scale below, please indicate how frequently or infrequently you currently have each experience. Please answer according to what really reflects your experience rather than what you think your experience should be. Please treat each item separately from every other item. - 5. I tend not to notice feelings of physical tension or discomfort until they really grab at my attention.","Below is a collection of statements about your everyday experience. Using the scale below, please indicate how frequently or infrequently you currently have each experience. Please answer according to what really reflects your experience rather than what you think your experience should be. Please treat each item separately from every other item. - 6. I forget a person's name almost as soon as I've been told it for the first time.","Below is a collection of statements about your everyday experience. Using the scale below, please indicate how frequently or infrequently you currently have each experience. Please answer according to what really reflects your experience rather than what you think your experience should be. Please treat each item separately from every other item. - 7. It seems I am ""running on automatic,"" without much awareness of what I'm doing.","Below is a collection of statements about your everyday experience. Using the scale below, please indicate how frequently or infrequently you currently have each experience. Please answer according to what really reflects your experience rather than what you think your experience should be. Please treat each item separately from every other item. - 8. I rush through activities without being really attentive to them.","Below is a collection of statements about your everyday experience. Using the scale below, please indicate how frequently or infrequently you currently have each experience. Please answer according to what really reflects your experience rather than what you think your experience should be. Please treat each item separately from every other item. - 9. I get so focused on the goal I want to achieve that I lose touch with what I'm doing right now to get there.","Below is a collection of statements about your everyday experience. Using the scale below, please indicate how frequently or infrequently you currently have each experience. Please answer according to what really reflects your experience rather than what you think your experience should be. Please treat each item separately from every other item. - 10. I do jobs or tasks automatically, without being aware of what I'm doing.","Below is a collection of statements about your everyday experience. Using the scale below, please indicate how frequently or infrequently you currently have each experience. Please answer according to what really reflects your experience rather than what you think your experience should be. Please treat each item separately from every other item. - 11. I find myself listening to someone with one ear, doing something else at the same time.","Below is a collection of statements about your everyday experience. Using the scale below, please indicate how frequently or infrequently you currently have each experience. Please answer according to what really reflects your experience rather than what you think your experience should be. Please treat each item separately from every other item. - 12. I drive places on ""automatic pilot"" and then wonder why I went there.","Below is a collection of statements about your everyday experience. Using the scale below, please indicate how frequently or infrequently you currently have each experience. Please answer according to what really reflects your experience rather than what you think your experience should be. Please treat each item separately from every other item. - 13. I find myself preoccupied with the future or the past.","Below is a collection of statements about your everyday experience. Using the scale below, please indicate how frequently or infrequently you currently have each experience. Please answer according to what really reflects your experience rather than what you think your experience should be. Please treat each item separately from every other item. - 14. I find myself doing things without paying attention.","Below is a collection of statements about your everyday experience. Using the scale below, please indicate how frequently or infrequently you currently have each experience. Please answer according to what really reflects your experience rather than what you think your experience should be. Please treat each item separately from every other item. - 15. I snack without being aware that I'm eating.","The questions in this scale ask you about your feelings and thoughts during THE LAST MONTH. In each case, you will be asked to indicate your response by clicking on the circle representing HOW OFTEN you felt or thought a certain way. Although some of the questions are similar, there are differences between them and you should treat each one as a separate question. The best approach is to answer fairly quickly. That is, don't try to count up the number of ways you felt a particular way, but rather indicate the alternative that seems like a reasonable estimate. - 1. In the last month, how often have you been upset because of something that happened unexpectedly?","The questions in this scale ask you about your feelings and thoughts during THE LAST MONTH. In each case, you will be asked to indicate your response by clicking on the circle representing HOW OFTEN you felt or thought a certain way. Although some of the questions are similar, there are differences between them and you should treat each one as a separate question. The best approach is to answer fairly quickly. That is, don't try to count up the number of ways you felt a particular way, but rather indicate the alternative that seems like a reasonable estimate. - 2. In the last month, how often have you felt that you were unable to control the important things in your life?","The questions in this scale ask you about your feelings and thoughts during THE LAST MONTH. In each case, you will be asked to indicate your response by clicking on the circle representing HOW OFTEN you felt or thought a certain way. Although some of the questions are similar, there are differences between them and you should treat each one as a separate question. The best approach is to answer fairly quickly. That is, don't try to count up the number of ways you felt a particular way, but rather indicate the alternative that seems like a reasonable estimate. - 3. In the last month, how often have you felt nervous or ""stressed""?","The questions in this scale ask you about your feelings and thoughts during THE LAST MONTH. In each case, you will be asked to indicate your response by clicking on the circle representing HOW OFTEN you felt or thought a certain way. Although some of the questions are similar, there are differences between them and you should treat each one as a separate question. The best approach is to answer fairly quickly. That is, don't try to count up the number of ways you felt a particular way, but rather indicate the alternative that seems like a reasonable estimate. - 4. In the last month, how often have you dealt successfully with day to day problems and annoyances?","The questions in this scale ask you about your feelings and thoughts during THE LAST MONTH. In each case, you will be asked to indicate your response by clicking on the circle representing HOW OFTEN you felt or thought a certain way. Although some of the questions are similar, there are differences between them and you should treat each one as a separate question. The best approach is to answer fairly quickly. That is, don't try to count up the number of ways you felt a particular way, but rather indicate the alternative that seems like a reasonable estimate. - 5. In the last month, how often have you felt that you were effectively coping with important changes that were occurring in your life?","The questions in this scale ask you about your feelings and thoughts during THE LAST MONTH. In each case, you will be asked to indicate your response by clicking on the circle representing HOW OFTEN you felt or thought a certain way. Although some of the questions are similar, there are differences between them and you should treat each one as a separate question. The best approach is to answer fairly quickly. That is, don't try to count up the number of ways you felt a particular way, but rather indicate the alternative that seems like a reasonable estimate. - 6. In the last month, how often have you felt confident about your ability to handle your personal problems?","The questions in this scale ask you about your feelings and thoughts during THE LAST MONTH. In each case, you will be asked to indicate your response by clicking on the circle representing HOW OFTEN you felt or thought a certain way. Although some of the questions are similar, there are differences between them and you should treat each one as a separate question. The best approach is to answer fairly quickly. That is, don't try to count up the number of ways you felt a particular way, but rather indicate the alternative that seems like a reasonable estimate. - 7. In the last month, how often have you felt that things were going your way?","The questions in this scale ask you about your feelings and thoughts during THE LAST MONTH. In each case, you will be asked to indicate your response by clicking on the circle representing HOW OFTEN you felt or thought a certain way. Although some of the questions are similar, there are differences between them and you should treat each one as a separate question. The best approach is to answer fairly quickly. That is, don't try to count up the number of ways you felt a particular way, but rather indicate the alternative that seems like a reasonable estimate. - 8. In the last month, how often have you found that you could not cope with all the things that you had to do?","The questions in this scale ask you about your feelings and thoughts during THE LAST MONTH. In each case, you will be asked to indicate your response by clicking on the circle representing HOW OFTEN you felt or thought a certain way. Although some of the questions are similar, there are differences between them and you should treat each one as a separate question. The best approach is to answer fairly quickly. That is, don't try to count up the number of ways you felt a particular way, but rather indicate the alternative that seems like a reasonable estimate. - 9. In the last month, how often have you been able to control irritations in your life?","The questions in this scale ask you about your feelings and thoughts during THE LAST MONTH. In each case, you will be asked to indicate your response by clicking on the circle representing HOW OFTEN you felt or thought a certain way. Although some of the questions are similar, there are differences between them and you should treat each one as a separate question. The best approach is to answer fairly quickly. That is, don't try to count up the number of ways you felt a particular way, but rather indicate the alternative that seems like a reasonable estimate. - 10. In the last month, how often have you felt that you were on top of things?","The questions in this scale ask you about your feelings and thoughts during THE LAST MONTH. In each case, you will be asked to indicate your response by clicking on the circle representing HOW OFTEN you felt or thought a certain way. Although some of the questions are similar, there are differences between them and you should treat each one as a separate question. The best approach is to answer fairly quickly. That is, don't try to count up the number of ways you felt a particular way, but rather indicate the alternative that seems like a reasonable estimate. - 11. In the last month, how often have you been angered because of things that happened that were outside of your control?","The questions in this scale ask you about your feelings and thoughts during THE LAST MONTH. In each case, you will be asked to indicate your response by clicking on the circle representing HOW OFTEN you felt or thought a certain way. Although some of the questions are similar, there are differences between them and you should treat each one as a separate question. The best approach is to answer fairly quickly. That is, don't try to count up the number of ways you felt a particular way, but rather indicate the alternative that seems like a reasonable estimate. - 12. In the last month, how often have you found yourself thinking about things that you have to accomplish?","The questions in this scale ask you about your feelings and thoughts during THE LAST MONTH. In each case, you will be asked to indicate your response by clicking on the circle representing HOW OFTEN you felt or thought a certain way. Although some of the questions are similar, there are differences between them and you should treat each one as a separate question. The best approach is to answer fairly quickly. That is, don't try to count up the number of ways you felt a particular way, but rather indicate the alternative that seems like a reasonable estimate. - 13. In the last month, how often have you been able to control the way you spend your time?","The questions in this scale ask you about your feelings and thoughts during THE LAST MONTH. In each case, you will be asked to indicate your response by clicking on the circle representing HOW OFTEN you felt or thought a certain way. Although some of the questions are similar, there are differences between them and you should treat each one as a separate question. The best approach is to answer fairly quickly. That is, don't try to count up the number of ways you felt a particular way, but rather indicate the alternative that seems like a reasonable estimate. - 14. In the last month, how often have you felt difficulties were piling up so high that you could not overcome them?","Over the last 2 weeks, how often have you been bothered by the following problems? - 1. Feeling nervous, anxious, or on edge","Over the last 2 weeks, how often have you been bothered by the following problems? - 2. Not being able to stop or control worrying","Over the last 2 weeks, how often have you been bothered by the following problems? - 3. Worrying too much about different things","Over the last 2 weeks, how often have you been bothered by the following problems? - 4. Trouble relaxing","Over the last 2 weeks, how often have you been bothered by the following problems? - 5. Being so restless that it's hard to sit still","Over the last 2 weeks, how often have you been bothered by the following problems? - 6. Become easily annoyed or irritable","Over the last 2 weeks, how often have you been bothered by the following problems? - 7. Feeling afraid as if something awful might happen","If you checked off any problems, how difficult have these made it for you to do your work, take care of things at home, or get along with other people?",Score
"{""ImportId"":""startDate"",""timeZone"":""America/Denver""}","{""ImportId"":""endDate"",""timeZone"":""America/Denver""}","{""ImportId"":""status""}","{""ImportId"":""ipAddress""}","{""ImportId"":""progress""}","{""ImportId"":""duration""}","{""ImportId"":""finished""}","{""ImportId"":""recordedDate"",""timeZone"":""America/Denver""}","{""ImportId"":""_recordId""}","{""ImportId"":""recipientLastName""}","{""ImportId"":""recipientFirstName""}","{""ImportId"":""recipientEmail""}","{""ImportId"":""externalDataReference""}","{""ImportId"":""locationLatitude""}","{""ImportId"":""locationLongitude""}","{""ImportId"":""distributionChannel""}","{""ImportId"":""userLanguage""}","{""ImportId"":""QID12""}","{""ImportId"":""QID14""}","{""ImportId"":""QID14_4_TEXT""}","{""ImportId"":""QID13""}","{""ImportId"":""QID13_8_TEXT""}","{""ImportId"":""QID23""}","{""ImportId"":""QID23_2_TEXT""}","{""ImportId"":""QID15""}","{""ImportId"":""QID16""}","{""ImportId"":""QID17""}","{""ImportId"":""QID18""}","{""ImportId"":""QID19""}","{""ImportId"":""QID26""}","{""ImportId"":""QID27""}","{""ImportId"":""QID28""}","{""ImportId"":""QID29_TEXT""}","{""ImportId"":""QID22""}","{""ImportId"":""QID20""}","{""ImportId"":""QID24_1""}","{""ImportId"":""QID24_2""}","{""ImportId"":""QID24_3""}","{""ImportId"":""QID24_4""}","{""ImportId"":""QID24_5""}","{""ImportId"":""QID24_6""}","{""ImportId"":""QID24_7""}","{""ImportId"":""QID24_8""}","{""ImportId"":""QID24_9""}","{""ImportId"":""QID24_10""}","{""ImportId"":""QID24_11""}","{""ImportId"":""QID24_12""}","{""ImportId"":""QID24_13""}","{""ImportId"":""QID24_14""}","{""ImportId"":""QID24_15""}","{""ImportId"":""QID24_16""}","{""ImportId"":""QID24_17""}","{""ImportId"":""QID24_18""}","{""ImportId"":""QID24_19""}","{""ImportId"":""QID24_20""}","{""ImportId"":""QID24_21""}","{""ImportId"":""QID24_22""}","{""ImportId"":""QID24_23""}","{""ImportId"":""QID24_24""}","{""ImportId"":""QID24_25""}","{""ImportId"":""QID4_1""}","{""ImportId"":""QID4_2""}","{""ImportId"":""QID4_3""}","{""ImportId"":""QID4_4""}","{""ImportId"":""QID4_5""}","{""ImportId"":""QID4_6""}","{""ImportId"":""QID4_7""}","{""ImportId"":""QID4_8""}","{""ImportId"":""QID4_9""}","{""ImportId"":""QID4_10""}","{""ImportId"":""QID4_11""}","{""ImportId"":""QID4_12""}","{""ImportId"":""QID4_13""}","{""ImportId"":""QID4_14""}","{""ImportId"":""QID4_15""}","{""ImportId"":""QID10_1""}","{""ImportId"":""QID10_2""}","{""ImportId"":""QID10_3""}","{""ImportId"":""QID10_4""}","{""ImportId"":""QID10_5""}","{""ImportId"":""QID10_6""}","{""ImportId"":""QID10_7""}","{""ImportId"":""QID10_8""}","{""ImportId"":""QID10_9""}","{""ImportId"":""QID10_10""}","{""ImportId"":""QID10_11""}","{""ImportId"":""QID10_12""}","{""ImportId"":""QID10_13""}","{""ImportId"":""QID10_14""}","{""ImportId"":""QID7_1""}","{""ImportId"":""QID7_2""}","{""ImportId"":""QID7_3""}","{""ImportId"":""QID7_4""}","{""ImportId"":""QID7_5""}","{""ImportId"":""QID7_6""}","{""ImportId"":""QID7_7""}","{""ImportId"":""QID8""}","{""ImportId"":""SC_eDQ5GoTjeRHei33""}"
2020-04-23 09:19:36,2020-04-23 09:29:09,IP Address,67.55.184.58,100,572,True,2020-04-23 09:29:09,R_1Egvi1btc2vlOPy,,,,,41.2926025390625,-91.30059814453125,anonymous,EN,18-22,Female,,Caucasian,,United States,,First Year-level courses,No,I transferred in one or more courses,Yes,8-12 hours,No,1-4 hours,No,,,0-4 hours,True Nearly All of the Time,True Nearly All of the Time,Sometimes True,True Nearly All of the Time,True Nearly All of the Time,True Nearly All of the Time,Often True,True Nearly All of the Time,Sometimes True,Often True,True Nearly All of the Time,True Nearly All of the Time,True Nearly All of the Time,Often True,True Nearly All of the Time,Often True,True Nearly All of the Time,Often True,True Nearly All of the Time,Often True,True Nearly All of the Time,Often True,Often True,True Nearly All of the Time,True Nearly All of the Time,Very Infrequently,Almost Never,Very Infrequently,Very Frequently,Almost Never,Very Infrequently,Very Infrequently,Very Infrequently,Very Infrequently,Somewhat Infrequently,Almost Never,Almost Never,Somewhat Frequently,Somewhat Infrequently,Somewhat Infrequently,Fairly Often,Fairly Often,Fairly Often,Fairly Often,Fairly Often,Sometimes,Sometimes,Almost Never,Sometimes,Almost Never,Fairly Often,Fairly Often,Fairly Often,Fairly Often,Several days,Several days,Over half the days,Several days,Over half the days,Several days,Over half the days,Somewhat difficult,200
2020-04-23 09:18:12,2020-04-23 09:40:51,IP Address,97.86.118.116,100,1359,True,2020-04-23 09:40:52,R_PM5BcCsx8zyJhCx,,,,,43.9806060791015625,-91.2489013671875,anonymous,EN,18-22,Female,,Caucasian,,United States,,First Year-level courses,No,I transferred in one or more courses,Yes,5-8 hours,Yes,13-16 hours,Yes,"Assisted living ",SASC (Student Academic Support Center),Over 12 hours,Often True,True Nearly All of the Time,Sometimes True,Sometimes True,Often True,Sometimes True,Sometimes True,Often True,Often True,True Nearly All of the Time,Often True,Often True,,Sometimes True,Rarely True,Often True,Sometimes True,Often True,Often True,Often True,Often True,Often True,Sometimes True,Often True,Sometimes True,Somewhat Frequently,Almost Never,Somewhat Infrequently,Somewhat Frequently,Very Infrequently,Very Infrequently,Very Infrequently,Somewhat Frequently,Somewhat Frequently,Somewhat Frequently,Somewhat Frequently,Somewhat Infrequently,Somewhat Frequently,Somewhat Infrequently,Somewhat Frequently,Sometimes,Fairly Often,Very Often,Almost Never,Fairly Often,Fairly Often,Almost Never,Fairly Often,Sometimes,Fairly Often,Sometimes,Fairly Often,Almost Never,Sometimes,Several days,Not at all sure,Several days,Several days,Several days,Not at all sure,Not at all sure,Somewhat difficult,158
2020-04-23 09:36:37,2020-04-23 09:41:57,IP Address,70.98.12.200,100,319,True,2020-04-23 09:41:57,R_1JKIWqJ3WI0UT0M,,,,,44.50030517578125,-93.382598876953125,anonymous,EN,18-22,Female,,Caucasian,,United States,,Senior-level courses,No,I have followed the laid out curriculum plan for the nursing major,Yes,8-12 hours,Yes,1-4 hours,No,Online Tutoring,,0-4 hours,Sometimes True,True Nearly All of the Time,Not True at All,Rarely True,Often True,Rarely True,True Nearly All of the Time,Rarely True,Not True at All,Often True,Often True,Sometimes True,Sometimes True,True Nearly All of the Time,True Nearly All of the Time,Rarely True,Often True,Often True,Rarely True,Sometimes True,Rarely True,Rarely True,Often True,Often True,Often True,Almost Always,Somewhat Infrequently,Somewhat Frequently,Very Frequently,Very Frequently,Somewhat Infrequently,Somewhat Frequently,Somewhat Infrequently,Very Frequently,Very Frequently,Very Frequently,Very Frequently,Almost Always,Somewhat Frequently,Somewhat Frequently,Very Often,Very Often,Fairly Often,Sometimes,Almost Never,Fairly Often,Almost Never,Sometimes,Almost Never,Almost Never,Fairly Often,Very Often,Almost Never,Fairly Often,Over half the days,Over half the days,Nearly every day,Over half the days,Several days,Nearly every day,Several days,Somewhat difficult,148
2020-04-23 09:35:45,2020-04-23 09:42:47,IP Address,71.90.82.205,100,421,True,2020-04-23 09:42:47,R_3iWrs8KUyC9Xsss,,,,,44.009002685546875,-92.393402099609375,anonymous,EN,18-22,Male,,Caucasian,,United States,,Senior-level courses,No,I have followed the laid out curriculum plan for the nursing major,Yes,8-12 hours,Yes,17-20 hours,No,grocery store bakery,,0-4 hours,Often True,True Nearly All of the Time,True Nearly All of the Time,Often True,Often True,True Nearly All of the Time,Often True,Often True,Sometimes True,Often True,True Nearly All of the Time,Sometimes True,Sometimes True,True Nearly All of the Time,True Nearly All of the Time,Often True,Often True,Often True,True Nearly All of the Time,True Nearly All of the Time,Often True,Rarely True,Often True,Often True,Often True,Very Frequently,Very Infrequently,Very Infrequently,Almost Never,Very Frequently,Somewhat Frequently,Somewhat Infrequently,Very Infrequently,Somewhat Frequently,Very Infrequently,Somewhat Frequently,Almost Never,Somewhat Infrequently,Somewhat Frequently,Somewhat Frequently,Sometimes,Sometimes,Almost Never,Fairly Often,Fairly Often,Fairly Often,Sometimes,Almost Never,Very Often,Sometimes,Sometimes,Fairly Often,Fairly Often,Almost Never,Not at all sure,Not at all sure,Several days,Not at all sure,Not at all sure,Several days,Not at all sure,Not difficult at all,159
2020-04-23 09:40:30,2020-04-23 09:48:25,IP Address,75.162.109.41,100,474,True,2020-04-23 09:48:25,R_AyxbbY5bUKA6dXz,,,,,41.6750030517578125,-93.70159912109375,anonymous,EN,18-22,Female,,Caucasian,,United States,,Sophomore-level courses,No,I have followed the laid out curriculum plan for the nursing major,Yes,8-12 hours,No,,,,,5-8 hours,Often True,True Nearly All of the Time,Sometimes True,Sometimes True,True Nearly All of the Time,Sometimes True,Often True,Often True,Often True,True Nearly All of the Time,Often True,Often True,Sometimes True,Sometimes True,True Nearly All of the Time,Sometimes True,Rarely True,Sometimes True,Sometimes True,Sometimes True,True Nearly All of the Time,Often True,Rarely True,Sometimes True,True Nearly All of the Time,Somewhat Infrequently,Very Frequently,Very Frequently,Almost Always,Somewhat Frequently,Somewhat Frequently,Somewhat Frequently,Somewhat Frequently,Very Frequently,Somewhat Frequently,Almost Always,Very Frequently,Almost Always,Somewhat Frequently,Almost Always,Very Often,Very Often,Fairly Often,Very Often,Fairly Often,Sometimes,Sometimes,Fairly Often,Sometimes,Sometimes,Very Often,Very Often,Sometimes,Sometimes,Over half the days,Nearly every day,Nearly every day,Over half the days,Nearly every day,Several days,Nearly every day,Very difficult,153
2020-04-23 09:44:14,2020-04-23 09:50:28,IP Address,67.40.243.172,100,374,True,2020-04-23 09:50:29,R_1LclMOh1uZQoZ60,,,,,44.04840087890625,-92.4947967529296875,anonymous,EN,18-22,Female,,Caucasian,,United States,,Junior-level courses,No,I transferred in one or more courses,Yes,8-12 hours,Yes,8-12 hours,No,,TRIO Achievement Program,0-4 hours,True Nearly All of the Time,True Nearly All of the Time,True Nearly All of the Time,True Nearly All of the Time,Often True,Often True,Often True,True Nearly All of the Time,True Nearly All of the Time,Often True,True Nearly All of the Time,True Nearly All of the Time,True Nearly All of the Time,True Nearly All of the Time,True Nearly All of the Time,Sometimes True,True Nearly All of the Time,Often True,Often True,Often True,True Nearly All of the Time,True Nearly All of the Time,Sometimes True,True Nearly All of the Time,True Nearly All of the Time,Somewhat Frequently,Almost Never,Somewhat Frequently,Almost Never,Almost Never,Very Infrequently,Somewhat Frequently,Very Frequently,Somewhat Infrequently,Somewhat Frequently,Very Frequently,Almost Never,Very Infrequently,Very Infrequently,Almost Never,Sometimes,Sometimes,Very Often,Very Often,Very Often,Very Often,Fairly Often,Very Often,Sometimes,Sometimes,Sometimes,Fairly Often,Fairly Often,Very Often,Not at all sure,Not at all sure,Nearly every day,Over half the days,Not at all sure,Over half the days,Over half the days,Not difficult at all,190
2020-04-23 09:48:33,2020-04-23 09:55:30,IP Address,107.4.164.102,100,417,True,2020-04-23 09:55:31,R_R4RrssqvUGMDWz7,,,,,44.805999755859375,-93.140899658203125,anonymous,EN,18-22,Female,,Caucasian,,United States,,Senior-level courses,No,I have followed the laid out curriculum plan for the nursing major,Yes,5-8 hours,No,1-4 hours,No,,SASC (Student Academic Support Center),5-8 hours,Often True,True Nearly All of the Time,Often True,Sometimes True,True Nearly All of the Time,True Nearly All of the Time,True Nearly All of the Time,Often True,Often True,Often True,Often True,Often True,True Nearly All of the Time,Sometimes True,Often True,Often True,Often True,Sometimes True,Sometimes True,Often True,True Nearly All of the Time,Rarely True,True Nearly All of the Time,True Nearly All of the Time,True Nearly All of the Time,Somewhat Frequently,Somewhat Infrequently,Somewhat Infrequently,Somewhat Frequently,Somewhat Frequently,Somewhat Infrequently,Somewhat Infrequently,Very Infrequently,Somewhat Frequently,Somewhat Infrequently,Somewhat Frequently,Somewhat Infrequently,Very Frequently,Somewhat Infrequently,Almost Never,Fairly Often,Very Often,Fairly Often,Sometimes,Fairly Often,Fairly Often,Almost Never,Fairly Often,Sometimes,Almost Never,Fairly Often,Fairly Often,Fairly Often,Fairly Often,Over half the days,Several days,Several days,Over half the days,Nearly every day,Several days,Several days,Very difficult,180
2020-04-23 10:43:28,2020-04-23 10:54:45,IP Address,24.179.172.130,100,676,True,2020-04-23 10:54:45,R_2dszqhZLnEa21Eu,,,,,44.04840087890625,-92.4947967529296875,anonymous,EN,18-22,Female,,Asian,,Other,Japan,Junior-level courses,No,I have followed the laid out curriculum plan for the nursing major,No,,No,1-4 hours,No,,SASC (Student Academic Support Center),0-4 hours,Often True,True Nearly All of the Time,Sometimes True,Sometimes True,Often True,Often True,Often True,Rarely True,True Nearly All of the Time,Often True,Often True,Sometimes True,Often True,Rarely True,Rarely True,Sometimes True,Rarely True,Often True,Sometimes True,Sometimes True,Often True,Often True,Often True,Sometimes True,True Nearly All of the Time,Very Frequently,Somewhat Frequently,Somewhat Frequently,Very Frequently,Somewhat Infrequently,Somewhat Frequently,Somewhat Infrequently,Very Frequently,Somewhat Frequently,Somewhat Frequently,Somewhat Infrequently,Somewhat Frequently,Somewhat Frequently,Somewhat Infrequently,Somewhat Infrequently,Fairly Often,Fairly Often,Very Often,Very Often,Sometimes,Sometimes,Almost Never,Almost Never,Almost Never,Almost Never,Never,Very Often,Sometimes,Sometimes,Over half the days,Over half the days,Over half the days,Over half the days,Not at all sure,Several days,Nearly every day,Not difficult at all,154
2020-04-23 10:46:08,2020-04-23 10:56:44,IP Address,65.25.185.99,100,635,True,2020-04-23 10:56:44,R_1F4IEmNqjFAc1f0,,,,,43.238006591796875,-87.98940277099609375,anonymous,EN,18-22,Female,,Caucasian,,United States,,Senior-level courses,No,I transferred in one or more courses,Yes,1-4 hours,No,1-4 hours,No,Not working at this time.,,8-12 hours,True Nearly All of the Time,True Nearly All of the Time,True Nearly All of the Time,Often True,True Nearly All of the Time,True Nearly All of the Time,Often True,Often True,Sometimes True,True Nearly All of the Time,True Nearly All of the Time,True Nearly All of the Time,True Nearly All of the Time,Often True,Often True,Often True,True Nearly All of the Time,Sometimes True,Often True,Often True,True Nearly All of the Time,True Nearly All of the Time,True Nearly All of the Time,True Nearly All of the Time,True Nearly All of the Time,Somewhat Frequently,Almost Never,Somewhat Frequently,Somewhat Infrequently,Somewhat Infrequently,Very Infrequently,Somewhat Infrequently,Very Infrequently,Somewhat Frequently,Very Infrequently,Very Frequently,Very Infrequently,Very Frequently,Very Infrequently,Very Infrequently,Fairly Often,Fairly Often,Very Often,Fairly Often,Fairly Often,Fairly Often,Sometimes,Fairly Often,Sometimes,Sometimes,Fairly Often,Almost Never,Fairly Often,Almost Never,Nearly every day,Nearly every day,Nearly every day,Over half the days,Over half the days,Several days,Several days,Very difficult,192
2020-04-23 10:56:18,2020-04-23 11:03:56,IP Address,207.177.71.175,100,458,True,2020-04-23 11:03:56,R_1iaE2vtwco9XmJM,,,,,42.954803466796875,-91.6454010009765625,anonymous,EN,18-22,Female,,Caucasian,,United States,,Senior-level courses,No,I have followed the laid out curriculum plan for the nursing major,Yes,17-20 hours,No,,,,,5-8 hours,True Nearly All of the Time,True Nearly All of the Time,Sometimes True,Often True,Often True,Sometimes True,Often True,Often True,Often True,True Nearly All of the Time,True Nearly All of the Time,Often True,Often True,Often True,Often True,Often True,Often True,Often True,Often True,Often True,Often True,Often True,Often True,Often True,Often True,Somewhat Frequently,Very Infrequently,Somewhat Frequently,Somewhat Infrequently,Very Frequently,Somewhat Frequently,Very Frequently,Somewhat Infrequently,Somewhat Frequently,Somewhat Frequently,Very Frequently,Very Infrequently,Very Frequently,Somewhat Frequently,Somewhat Frequently,Very Often,Very Often,Very Often,Sometimes,Sometimes,Sometimes,Sometimes,Fairly Often,Almost Never,Sometimes,Fairly Often,Fairly Often,Sometimes,Fairly Often,Nearly every day,Nearly every day,Nearly every day,Nearly every day,Nearly every day,Nearly every day,Over half the days,Very difficult,183
2020-04-23 11:25:29,2020-04-23 11:31:59,IP Address,174.82.170.189,100,390,True,2020-04-23 11:32:00,R_2CNuZomEsO4EIpc,,,,,44.04840087890625,-92.4947967529296875,anonymous,EN,18-22,Female,,Caucasian,,United States,,First Year-level courses,No,I transferred in one or more courses,No,,Yes,17-20 hours,Yes,CNA at a nursing home,,0-4 hours,Often True,True Nearly All of the Time,Often True,Sometimes True,Sometimes True,Sometimes True,Often True,Often True,Often True,True Nearly All of the Time,Often True,Sometimes True,Sometimes True,Often True,Sometimes True,Rarely True,Sometimes True,Often True,Often True,Sometimes True,Often True,Sometimes True,Often True,Often True,True Nearly All of the Time,Very Frequently,Somewhat Infrequently,Very Infrequently,Very Infrequently,Somewhat Frequently,Almost Never,Very Frequently,Very Infrequently,Somewhat Frequently,Somewhat Frequently,Somewhat Infrequently,Somewhat Infrequently,Very Frequently,Somewhat Frequently,Somewhat Frequently,Fairly Often,Very Often,Fairly Often,Fairly Often,Fairly Often,Fairly Often,Sometimes,Sometimes,Sometimes,Fairly Often,Fairly Often,Fairly Often,Almost Never,Sometimes,Several days,Not at all sure,Not at all sure,Several days,Several days,Over half the days,Several days,Somewhat difficult,158
2020-04-23 11:20:52,2020-04-23 11:32:14,IP Address,98.159.121.139,100,681,True,2020-04-23 11:32:15,R_vSJTbt58tvSprgJ,,,,,42.044097900390625,-91.6006011962890625,anonymous,EN,18-22,Female,,Caucasian,,United States,,Junior-level courses,No,I transferred in one or more courses,Yes,8-12 hours,No,,,,,0-4 hours,Often True,True Nearly All of the Time,Sometimes True,Often True,Often True,Sometimes True,Sometimes True,Sometimes True,Not True at All,Sometimes True,Sometimes True,Sometimes True,Sometimes True,Sometimes True,Often True,Rarely True,Sometimes True,Rarely True,Rarely True,Sometimes True,Often True,Rarely True,Often True,Sometimes True,True Nearly All of the Time,Very Infrequently,Somewhat Infrequently,Somewhat Frequently,Somewhat Frequently,Very Infrequently,Somewhat Infrequently,Somewhat Infrequently,Somewhat Infrequently,Somewhat Frequently,Somewhat Frequently,Very Infrequently,Almost Never,Very Frequently,Somewhat Frequently,Very Infrequently,Fairly Often,Very Often,Fairly Often,Sometimes,Sometimes,Sometimes,Almost Never,Fairly Often,Almost Never,Never,Very Often,Fairly Often,Sometimes,Sometimes,Nearly every day,Over half the days,Over half the days,Several days,Several days,Nearly every day,Several days,Very difficult,166
2020-04-23 11:47:01,2020-04-23 11:52:13,IP Address,50.83.106.252,100,311,True,2020-04-23 11:52:13,R_A5tt0IEG6TnqcRH,,,,,41.7386932373046875,-92.7332000732421875,anonymous,EN,18-22,Female,,Caucasian,,United States,,First Year-level courses,No,I have followed the laid out curriculum plan for the nursing major,Yes,5-8 hours,No,1-4 hours,No,,,8-12 hours,Sometimes True,Often True,Rarely True,Sometimes True,Often True,Sometimes True,Often True,Often True,Often True,Often True,Often True,Sometimes True,Sometimes True,Sometimes True,Sometimes True,Rarely True,Often True,Often True,Sometimes True,Often True,Rarely True,Sometimes True,Sometimes True,Often True,Sometimes True,Somewhat Infrequently,Very Infrequently,Very Infrequently,Very Frequently,Very Frequently,Very Frequently,Very Frequently,Somewhat Infrequently,Somewhat Frequently,Somewhat Frequently,Very Frequently,Very Infrequently,Somewhat Infrequently,Somewhat Frequently,Very Frequently,Sometimes,Very Often,Fairly Often,Fairly Often,Sometimes,Sometimes,Almost Never,Sometimes,Almost Never,Fairly Often,Fairly Often,Fairly Often,Fairly Often,Sometimes,Several days,Several days,Several days,Over half the days,Several days,Over half the days,Over half the days,Somewhat difficult,148
2020-04-23 14:10:52,2020-04-23 14:18:44,IP Address,104.231.228.255,100,471,True,2020-04-23 14:18:44,R_2qreQQbtQ1VeQ1R,,,,,43.047698974609375,-88.003997802734375,anonymous,EN,18-22,Male,,Caucasian,,United States,,First Year-level courses,No,I transferred in one or more courses,Yes,8-12 hours,No,1-4 hours,No,,,0-4 hours,True Nearly All of the Time,Often True,True Nearly All of the Time,Often True,True Nearly All of the Time,True Nearly All of the Time,Often True,True Nearly All of the Time,True Nearly All of the Time,Often True,Sometimes True,True Nearly All of the Time,True Nearly All of the Time,Often True,Often True,Often True,True Nearly All of the Time,Sometimes True,Often True,Rarely True,True Nearly All of the Time,True Nearly All of the Time,Often True,Often True,True Nearly All of the Time,Somewhat Infrequently,Very Infrequently,Almost Never,Somewhat Infrequently,Very Infrequently,Very Infrequently,Somewhat Infrequently,Very Infrequently,Somewhat Frequently,Somewhat Infrequently,Very Infrequently,Almost Never,Almost Never,Almost Never,Almost Never,Almost Never,Almost Never,Sometimes,Fairly Often,Fairly Often,Sometimes,Sometimes,Almost Never,Fairly Often,Sometimes,Almost Never,Fairly Often,Sometimes,Never,Not at all sure,Not at all sure,Not at all sure,Several days,Not at all sure,Several days,Not at all sure,Somewhat difficult,179
2020-04-23 15:16:03,2020-04-23 15:24:46,IP Address,173.30.72.60,100,522,True,2020-04-23 15:24:46,R_2CEdeZAuygGRKtG,,,,,42.044097900390625,-91.6006011962890625,anonymous,EN,18-22,Female,,Caucasian,,United States,,First Year-level courses,No,I have followed the laid out curriculum plan for the nursing major,No,,No,,,,,5-8 hours,Often True,True Nearly All of the Time,Rarely True,,Often True,Sometimes True,Often True,Often True,Often True,Sometimes True,Often True,Often True,Sometimes True,Sometimes True,Sometimes True,Rarely True,Sometimes True,Often True,Sometimes True,Often True,Often True,Sometimes True,Rarely True,Sometimes True,True Nearly All of the Time,Very Infrequently,Somewhat Infrequently,Very Infrequently,Somewhat Frequently,Very Infrequently,Somewhat Frequently,Somewhat Frequently,Somewhat Frequently,Somewhat Infrequently,Somewhat Infrequently,Somewhat Infrequently,Somewhat Infrequently,Somewhat Infrequently,Somewhat Frequently,Very Infrequently,Sometimes,Sometimes,Very Often,Sometimes,Sometimes,Sometimes,Sometimes,Fairly Often,Almost Never,Sometimes,Sometimes,Very Often,Sometimes,Very Often,Over half the days,Several days,Over half the days,Several days,Not at all sure,Nearly every day,Not at all sure,Very difficult,163
2020-04-23 15:30:07,2020-04-23 15:49:30,IP Address,74.207.34.124,100,1162,True,2020-04-23 15:49:30,R_31t2AR0oqbsp2At,,,,,43.32269287109375,-91.7938995361328125,anonymous,EN,18-22,Male,,Asian,,Other,Lao PDR,First Year-level courses,No,I have followed the laid out curriculum plan for the nursing major,Yes,13-16 hours,Yes,13-16 hours,No,cleaning such as vacuuming and cleaning the lights...etc.,Prefer not to answer,0-4 hours,True Nearly All of the Time,Often True,Not True at All,True Nearly All of the Time,Often True,Often True,True Nearly All of the Time,Often True,Often True,Often True,True Nearly All of the Time,True Nearly All of the Time,True Nearly All of the Time,Often True,Often True,True Nearly All of the Time,Often True,Often True,True Nearly All of the Time,Sometimes True,Often True,Often True,Often True,Often True,Often True,Somewhat Infrequently,Somewhat Infrequently,Very Infrequently,Somewhat Infrequently,Very Infrequently,Very Infrequently,Very Infrequently,Somewhat Infrequently,Somewhat Infrequently,Very Infrequently,Very Infrequently,Very Infrequently,Almost Never,Very Infrequently,Almost Never,Almost Never,Sometimes,Sometimes,Fairly Often,Very Often,Fairly Often,Very Often,Sometimes,Fairly Often,Fairly Often,Almost Never,Fairly Often,Fairly Often,Almost Never,Not at all sure,Not at all sure,Not at all sure,Not at all sure,Several days,Not at all sure,Several days,Somewhat difficult,170
2020-04-23 18:28:10,2020-04-23 18:39:47,IP Address,199.241.229.92,100,697,True,2020-04-23 18:39:48,R_2rGTdkph775W0DL,,,,,42.51220703125,-90.7384033203125,anonymous,EN,18-22,Female,,Caucasian,,United States,,Sophomore-level courses,No,I transferred in one or more courses,,,No,,,,,8-12 hours,Sometimes True,Rarely True,Sometimes True,Often True,Often True,Sometimes True,True Nearly All of the Time,Sometimes True,Often True,True Nearly All of the Time,Often True,Often True,Sometimes True,Sometimes True,Often True,Sometimes True,Often True,Often True,Often True,Sometimes True,Rarely True,Sometimes True,Often True,Often True,Sometimes True,Somewhat Infrequently,Very Infrequently,Very Infrequently,Somewhat Frequently,Very Infrequently,Almost Always,Somewhat Frequently,Somewhat Infrequently,Almost Always,Somewhat Frequently,Somewhat Infrequently,Almost Never,Very Frequently,Somewhat Infrequently,Very Infrequently,Fairly Often,Very Often,Very Often,Fairly Often,Sometimes,Sometimes,Sometimes,Sometimes,Fairly Often,Never,Very Often,Very Often,Fairly Often,Sometimes,Over half the days,Over half the days,Over half the days,Several days,Not at all sure,Nearly every day,Over half the days,Somewhat difficult,166
2020-04-23 18:41:51,2020-04-23 18:49:53,IP Address,166.181.84.29,100,481,True,2020-04-23 18:49:53,R_3qybj8nIFmwUWGx,,,,,41.6006011962890625,-93.61119842529296875,anonymous,EN,18-22,Female,,Caucasian,,United States,,Sophomore-level courses,No,I transferred in one or more courses,Yes,8-12 hours,Yes,Over 20 hours,Yes,Grocery store,TRIO Achievement Program,0-4 hours,Often True,True Nearly All of the Time,Sometimes True,Often True,Often True,Rarely True,Often True,True Nearly All of the Time,Often True,Often True,Often True,Often True,True Nearly All of the Time,Sometimes True,Rarely True,Often True,Sometimes True,Often True,Sometimes True,Sometimes True,Sometimes True,Sometimes True,Often True,Often True,True Nearly All of the Time,Somewhat Frequently,Very Infrequently,Somewhat Frequently,Very Frequently,Very Infrequently,Very Frequently,Somewhat Infrequently,Somewhat Frequently,Very Frequently,Very Infrequently,Somewhat Frequently,Somewhat Infrequently,Somewhat Frequently,Somewhat Frequently,Somewhat Infrequently,Almost Never,Fairly Often,Very Often,Sometimes,Sometimes,Sometimes,Sometimes,Fairly Often,Sometimes,Almost Never,Sometimes,Very Often,Fairly Often,Very Often,Nearly every day,Over half the days,Nearly every day,Several days,Not at all sure,Over half the days,Several days,Very difficult,166
2020-04-23 19:45:38,2020-04-23 19:50:19,IP Address,68.47.110.89,100,280,True,2020-04-23 19:50:19,R_21tC91dVzX6gqu5,,,,,45.0800018310546875,-93.02269744873046875,anonymous,EN,18-22,Female,,Caucasian,,United States,,First Year-level courses,No,I transferred in one or more courses,Yes,13-16 hours,No,1-4 hours,No,N/A,,0-4 hours,Often True,True Nearly All of the Time,Not True at All,Often True,True Nearly All of the Time,Often True,Often True,Often True,Not True at All,Often True,Sometimes True,Sometimes True,Often True,Often True,True Nearly All of the Time,Often True,Often True,True Nearly All of the Time,Often True,Sometimes True,True Nearly All of the Time,Often True,Often True,Often True,True Nearly All of the Time,Somewhat Infrequently,Somewhat Infrequently,Somewhat Frequently,Somewhat Frequently,Somewhat Frequently,Very Infrequently,Somewhat Infrequently,Somewhat Infrequently,Somewhat Frequently,Somewhat Infrequently,Very Infrequently,Very Frequently,Very Frequently,Somewhat Infrequently,Very Infrequently,Sometimes,Sometimes,Fairly Often,Fairly Often,Sometimes,Fairly Often,Fairly Often,Fairly Often,,Sometimes,Very Often,Fairly Often,Sometimes,Sometimes,Nearly every day,Nearly every day,Nearly every day,Nearly every day,Several days,Nearly every day,Nearly every day,Very difficult,174
2020-04-24 07:18:22,2020-04-24 07:26:28,IP Address,73.185.171.133,100,485,True,2020-04-24 07:26:28,R_T024gJiYOrbu8yR,,,,,45.0782012939453125,-93.18939971923828125,anonymous,EN,18-22,Female,,Caucasian,,United States,,Junior-level courses,No,I transferred in one or more courses,Yes,8-12 hours,Yes,13-16 hours,No,"Caretaker for children of essential working ",,0-4 hours,Often True,True Nearly All of the Time,Often True,Sometimes True,True Nearly All of the Time,Sometimes True,Sometimes True,Sometimes True,Sometimes True,Often True,Often True,Often True,Sometimes True,Sometimes True,Often True,Sometimes True,Sometimes True,Often True,Sometimes True,Sometimes True,Often True,Sometimes True,Often True,Often True,Often True,Somewhat Frequently,Somewhat Infrequently,Somewhat Frequently,Almost Always,Very Frequently,Somewhat Frequently,Very Frequently,Somewhat Frequently,Very Frequently,Somewhat Frequently,Very Frequently,Very Frequently,Very Frequently,Very Frequently,Somewhat Frequently,Sometimes,Fairly Often,Very Often,Sometimes,Very Often,Sometimes,Sometimes,Sometimes,Sometimes,Almost Never,Sometimes,Very Often,Almost Never,Very Often,Over half the days,Nearly every day,Nearly every day,Nearly every day,Nearly every day,Over half the days,Nearly every day,Very difficult,156
2020-04-24 12:15:49,2020-04-24 12:28:45,IP Address,63.152.15.83,100,776,True,2020-04-24 12:28:45,R_3jeUQaVrJabVMmm,,,,,42.022796630859375,-91.65720367431640625,anonymous,EN,18-22,Female,,Caucasian,,United States,,First Year-level courses,No,I have followed the laid out curriculum plan for the nursing major,No,,Yes,Over 20 hours,Yes,grocery store/coffee shop,,0-4 hours,True Nearly All of the Time,True Nearly All of the Time,Sometimes True,Often True,True Nearly All of the Time,Often True,True Nearly All of the Time,Often True,Often True,True Nearly All of the Time,Often True,Often True,Often True,Often True,True Nearly All of the Time,Sometimes True,Often True,Often True,Sometimes True,Sometimes True,True Nearly All of the Time,True Nearly All of the Time,True Nearly All of the Time,Often True,True Nearly All of the Time,Somewhat Infrequently,Very Infrequently,Very Infrequently,Very Frequently,Very Frequently,Very Infrequently,Somewhat Frequently,Somewhat Frequently,Very Frequently,Somewhat Frequently,Somewhat Infrequently,Somewhat Infrequently,Somewhat Infrequently,Somewhat Infrequently,Somewhat Infrequently,Almost Never,Sometimes,Very Often,Sometimes,Fairly Often,Fairly Often,Very Often,Sometimes,Sometimes,Fairly Often,Fairly Often,Very Often,Fairly Often,Fairly Often,Nearly every day,Over half the days,Nearly every day,Over half the days,Several days,Over half the days,Not at all sure,Very difficult,175
2020-04-24 18:40:09,2020-04-24 18:46:40,IP Address,173.26.183.226,100,391,True,2020-04-24 18:46:40,R_1DXSx6Phf7m9js6,,,,,43.14959716796875,-93.1947021484375,anonymous,EN,18-22,Female,,Caucasian,,United States,,Junior-level courses,No,I transferred in one or more courses,No,,No,,,,,5-8 hours,Often True,True Nearly All of the Time,Often True,Sometimes True,Sometimes True,Sometimes True,Sometimes True,Sometimes True,Sometimes True,Often True,Often True,Often True,Often True,Often True,Often True,Sometimes True,Sometimes True,Sometimes True,Often True,Sometimes True,Often True,Often True,Often True,Often True,Often True,Somewhat Infrequently,Very Infrequently,Very Infrequently,Somewhat Frequently,Very Infrequently,Somewhat Infrequently,Somewhat Infrequently,Very Infrequently,Very Infrequently,Very Infrequently,Very Infrequently,Almost Never,Somewhat Frequently,Somewhat Infrequently,Almost Never,Fairly Often,Fairly Often,Fairly Often,Fairly Often,Sometimes,Sometimes,Sometimes,Sometimes,Sometimes,Sometimes,Fairly Often,Very Often,Fairly Often,Sometimes,Over half the days,Over half the days,Nearly every day,Nearly every day,Over half the days,Over half the days,Over half the days,Somewhat difficult,183
2020-04-24 18:41:26,2020-04-24 18:47:05,IP Address,204.248.127.222,100,339,True,2020-04-24 18:47:05,R_9oztqQao79aGdq1,,,,,43.32269287109375,-91.7938995361328125,anonymous,EN,18-22,Female,,Caucasian,,United States,,Senior-level courses,No,I transferred in one or more courses,Yes,Over 20 hours,No,1-4 hours,No,Unemployed,,Over 12 hours,True Nearly All of the Time,True Nearly All of the Time,Often True,Often True,Often True,True Nearly All of the Time,True Nearly All of the Time,Often True,True Nearly All of the Time,Often True,Often True,Often True,Often True,Sometimes True,Often True,Sometimes True,True Nearly All of the Time,True Nearly All of the Time,Often True,Often True,Sometimes True,Sometimes True,Often True,Often True,Often True,Somewhat Frequently,Somewhat Infrequently,Somewhat Frequently,Somewhat Frequently,Very Frequently,Somewhat Infrequently,Somewhat Frequently,Somewhat Infrequently,Somewhat Infrequently,Somewhat Frequently,Somewhat Frequently,Somewhat Infrequently,Somewhat Infrequently,Somewhat Frequently,Very Infrequently,Very Often,Very Often,Very Often,Fairly Often,Sometimes,Sometimes,Almost Never,Sometimes,Sometimes,Sometimes,Very Often,Very Often,Fairly Often,Fairly Often,Nearly every day,Over half the days,Over half the days,Several days,Several days,Nearly every day,Several days,Very difficult,181
2020-04-24 19:55:15,2020-04-24 20:03:52,IP Address,69.4.123.150,100,516,True,2020-04-24 20:03:52,R_2CdES1nPwNM1ypU,,,,,45.348602294921875,-92.401397705078125,anonymous,EN,18-22,Female,,Caucasian,,United States,,First Year-level courses,No,I transferred in one or more courses,Yes,8-12 hours,No,1-4 hours,No,N/A,,8-12 hours,Often True,True Nearly All of the Time,Sometimes True,Sometimes True,Often True,Sometimes True,Sometimes True,Often True,Often True,Often True,Often True,Often True,Often True,Often True,True Nearly All of the Time,Often True,Often True,Sometimes True,Often True,Sometimes True,Often True,Sometimes True,Sometimes True,Often True,True Nearly All of the Time,Somewhat Infrequently,Somewhat Frequently,Very Infrequently,Somewhat Frequently,Somewhat Infrequently,Very Frequently,Somewhat Frequently,Somewhat Infrequently,Somewhat Frequently,Somewhat Infrequently,Somewhat Frequently,Very Infrequently,Somewhat Frequently,Very Infrequently,Somewhat Frequently,Sometimes,Sometimes,Fairly Often,Sometimes,Sometimes,Fairly Often,Sometimes,Fairly Often,Fairly Often,Almost Never,Sometimes,Very Often,Sometimes,Sometimes,Nearly every day,Over half the days,Nearly every day,Over half the days,Over half the days,Over half the days,Not at all sure,Somewhat difficult,169
2020-04-25 10:41:57,2020-04-25 10:49:15,IP Address,76.250.34.159,100,438,True,2020-04-25 10:49:15,R_vN83VHYPcbm8w6Z,,,,,43.0724945068359375,-89.4490966796875,anonymous,EN,18-22,Female,,Caucasian,,United States,,Junior-level courses,No,I have followed the laid out curriculum plan for the nursing major,No,,No,1-4 hours,No,,,0-4 hours,Sometimes True,Often True,Rarely True,Sometimes True,Often True,Often True,Sometimes True,Sometimes True,Often True,Often True,Sometimes True,Often True,Sometimes True,Sometimes True,Often True,Sometimes True,True Nearly All of the Time,Sometimes True,Often True,Often True,Sometimes True,Sometimes True,Often True,Sometimes True,True Nearly All of the Time,Somewhat Frequently,Very Infrequently,Very Frequently,Somewhat Frequently,Somewhat Infrequently,Very Infrequently,Somewhat Frequently,Somewhat Frequently,Somewhat Infrequently,Somewhat Frequently,Somewhat Frequently,Somewhat Infrequently,Somewhat Frequently,Somewhat Frequently,Very Frequently,Sometimes,Sometimes,Very Often,Sometimes,Sometimes,Sometimes,Sometimes,Very Often,Sometimes,Almost Never,Sometimes,Fairly Often,Sometimes,Fairly Often,Over half the days,Several days,Several days,Over half the days,Several days,Nearly every day,Several days,Somewhat difficult,159
2020-04-25 13:32:18,2020-04-25 13:42:04,IP Address,67.4.98.215,100,585,True,2020-04-25 13:42:04,R_2urrng8PiWb3IfG,,,,,45.1280059814453125,-93.4586029052734375,anonymous,EN,18-22,Female,,Caucasian,,United States,,Sophomore-level courses,No,I transferred in one or more courses,No,,Yes,13-16 hours,Yes,"Long term care faciiity ",SASC (Student Academic Support Center),0-4 hours,Often True,True Nearly All of the Time,Sometimes True,,Often True,Often True,True Nearly All of the Time,Often True,True Nearly All of the Time,Often True,Sometimes True,Often True,Often True,Often True,Sometimes True,Sometimes True,True Nearly All of the Time,Often True,Often True,Often True,True Nearly All of the Time,Rarely True,Sometimes True,Often True,Often True,Somewhat Frequently,Very Infrequently,Very Frequently,Somewhat Infrequently,Almost Never,Almost Never,Very Frequently,Somewhat Infrequently,Somewhat Frequently,Somewhat Infrequently,Somewhat Infrequently,Very Frequently,Very Frequently,Somewhat Frequently,Very Infrequently,Very Often,Very Often,Very Often,Fairly Often,Sometimes,Sometimes,Almost Never,Sometimes,Almost Never,Fairly Often,Very Often,Almost Never,Almost Never,Fairly Often,Nearly every day,Over half the days,Nearly every day,Nearly every day,Over half the days,Nearly every day,Not at all sure,Somewhat difficult,178
2020-04-26 12:48:07,2020-04-26 13:01:03,IP Address,68.47.104.107,100,775,True,2020-04-26 13:01:03,R_2VyDMmsA255avKH,,,,,45.1692047119140625,-93.2487030029296875,anonymous,EN,18-22,Female,,Caucasian,,United States,,First Year-level courses,No,I have followed the laid out curriculum plan for the nursing major,Yes,5-8 hours,Yes,1-4 hours,No,Nursing Home,,Over 12 hours,Sometimes True,True Nearly All of the Time,True Nearly All of the Time,Often True,True Nearly All of the Time,Often True,Often True,Often True,True Nearly All of the Time,Often True,Often True,Often True,Often True,Rarely True,Rarely True,Often True,Often True,Sometimes True,Often True,Sometimes True,Often True,True Nearly All of the Time,Sometimes True,Often True,True Nearly All of the Time,Somewhat Frequently,Somewhat Frequently,Very Frequently,Somewhat Frequently,Somewhat Infrequently,Somewhat Infrequently,Almost Always,Almost Always,Almost Always,Almost Always,Almost Always,Very Frequently,Somewhat Frequently,Very Frequently,Somewhat Infrequently,Sometimes,Sometimes,Very Often,Fairly Often,Sometimes,Sometimes,Sometimes,Very Often,Almost Never,Never,Fairly Often,Very Often,Fairly Often,Very Often,Over half the days,Several days,Over half the days,Several days,Several days,Several days,Over half the days,Very difficult,156
2020-04-26 13:02:18,2020-04-26 13:09:18,IP Address,97.91.148.127,100,419,True,2020-04-26 13:09:18,R_eOSomFzLOneeP8B,,,,,38.575897216796875,-90.51670074462890625,anonymous,EN,18-22,Female,,Caucasian,,United States,,Junior-level courses,No,I have followed the laid out curriculum plan for the nursing major,No,,No,,No,none,,0-4 hours,Often True,True Nearly All of the Time,Often True,Often True,True Nearly All of the Time,Sometimes True,Often True,Often True,Sometimes True,Often True,True Nearly All of the Time,True Nearly All of the Time,Often True,Often True,True Nearly All of the Time,Rarely True,Sometimes True,Sometimes True,Sometimes True,True Nearly All of the Time,True Nearly All of the Time,Often True,Sometimes True,Often True,Often True,Very Infrequently,Somewhat Infrequently,Very Infrequently,Very Frequently,Somewhat Frequently,Very Infrequently,Somewhat Frequently,Somewhat Frequently,Very Frequently,Somewhat Frequently,Very Frequently,Somewhat Frequently,Somewhat Frequently,Somewhat Frequently,Very Infrequently,Fairly Often,Sometimes,Very Often,Fairly Often,Sometimes,Sometimes,Fairly Often,Sometimes,Sometimes,Fairly Often,Sometimes,Very Often,Fairly Often,Sometimes,Over half the days,Several days,Over half the days,Several days,Several days,Several days,Several days,Somewhat difficult,163
2020-04-20 13:57:59,2020-04-20 13:58:14,IP Address,173.29.109.232,60,15,False,2020-04-27 13:58:28,R_3ixstdKwl5NTd4Y,,,,,,,anonymous,EN,,,,,,,,,,,,,,,,,,,,,,,,,,,,,,,,,,,,,,,,,,,,,,,,,,,,,,,,,,,,,,,,,,,,,,,,,,,,,,,,,
2020-04-29 11:59:14,2020-04-29 12:08:08,IP Address,205.185.134.214,100,534,True,2020-04-29 12:08:09,R_5haMME2tlmOlv21,,,,,43.7928924560546875,-91.56259918212890625,anonymous,EN,18-22,Female,,Caucasian,,United States,,Senior-level courses,No,I have followed the laid out curriculum plan for the nursing major,Yes,8-12 hours,Yes,5-8 hours,Yes,Bartender,,0-4 hours,Sometimes True,True Nearly All of the Time,Sometimes True,Sometimes True,Sometimes True,Rarely True,Often True,Sometimes True,Sometimes True,Often True,Often True,Sometimes True,True Nearly All of the Time,Sometimes True,Sometimes True,Sometimes True,Sometimes True,Sometimes True,Sometimes True,Sometimes True,Often True,Often True,Rarely True,Often True,Often True,Somewhat Frequently,Somewhat Infrequently,Somewhat Frequently,Somewhat Frequently,Very Infrequently,Somewhat Infrequently,Somewhat Infrequently,Somewhat Infrequently,Somewhat Infrequently,Somewhat Frequently,Somewhat Infrequently,Somewhat Frequently,Somewhat Frequently,Somewhat Frequently,Somewhat Frequently,Fairly Often,Sometimes,Very Often,Fairly Often,Sometimes,Fairly Often,Fairly Often,Sometimes,Sometimes,Almost Never,Sometimes,Sometimes,Fairly Often,Fairly Often,Over half the days,Over half the days,Over half the days,Over half the days,Over half the days,Over half the days,Over half the days,Very difficult,155
2020-04-23 10:42:22,2020-04-23 10:43:25,IP Address,173.26.183.226,75,63,False,2020-04-30 10:43:30,R_2Y5ITZxHQ9uPh1d,,,,,,,anonymous,EN,18-22,Female,,Caucasian,,United States,,Junior-level courses,No,I transferred in one or more courses,No,,No,1-4 hours,No,,,5-8 hours,,,,,,,,,,,,,,,,,,,,,,,,,,,,,,,,,,,,,,,,,,,,,,,,,,,,,,,,,,,,,,,
2020-05-01 10:06:42,2020-05-01 10:16:18,IP Address,173.215.30.87,100,576,True,2020-05-01 10:16:18,R_3P7gep7iQk3vxhv,,,,,42.7061004638671875,-92.58879852294921875,anonymous,EN,18-22,Female,,Caucasian,,United States,,Sophomore-level courses,No,I transferred in one or more courses,Yes,8-12 hours,Yes,Over 20 hours,No,providing in home childcare,,0-4 hours,True Nearly All of the Time,True Nearly All of the Time,Sometimes True,Often True,True Nearly All of the Time,True Nearly All of the Time,True Nearly All of the Time,True Nearly All of the Time,True Nearly All of the Time,Often True,True Nearly All of the Time,Often True,Often True,Often True,True Nearly All of the Time,Often True,Often True,Often True,Often True,True Nearly All of the Time,Often True,Often True,Sometimes True,True Nearly All of the Time,Often True,Somewhat Infrequently,Somewhat Infrequently,Very Infrequently,Somewhat Frequently,Somewhat Infrequently,Somewhat Infrequently,Somewhat Infrequently,Somewhat Frequently,Very Infrequently,Somewhat Frequently,Somewhat Frequently,Somewhat Infrequently,Very Frequently,Somewhat Frequently,Very Infrequently,Fairly Often,Fairly Often,Very Often,Fairly Often,Sometimes,Fairly Often,Sometimes,Sometimes,Fairly Often,Sometimes,Almost Never,Very Often,Sometimes,Very Often,Nearly every day,Over half the days,Over half the days,Over half the days,Several days,Several days,Not at all sure,Somewhat difficult,183
2020-05-04 06:07:29,2020-05-04 06:17:07,IP Address,66.188.157.134,100,578,True,2020-05-04 06:17:07,R_WvTS632etsfr91T,,,,,44.04840087890625,-92.4947967529296875,anonymous,EN,Over 30,Female,,Caucasian,,United States,,Junior-level courses,No,I transferred in one or more courses,Yes,Over 20 hours,Yes,Over 20 hours,No,"Parenting!! (...it's work, just not paid work)",,0-4 hours,True Nearly All of the Time,True Nearly All of the Time,Sometimes True,True Nearly All of the Time,True Nearly All of the Time,Often True,True Nearly All of the Time,True Nearly All of the Time,Rarely True,Often True,Often True,Often True,True Nearly All of the Time,Often True,Rarely True,Often True,Often True,Often True,Often True,Rarely True,Often True,Often True,Often True,Often True,True Nearly All of the Time,Almost Never,Very Infrequently,Very Infrequently,Very Infrequently,Almost Never,Very Infrequently,Very Infrequently,Very Infrequently,Very Infrequently,Almost Never,Very Infrequently,Almost Never,Very Infrequently,Very Infrequently,Almost Never,Sometimes,Sometimes,Sometimes,Very Often,Very Often,Very Often,Fairly Often,Sometimes,Fairly Often,Almost Never,Sometimes,Fairly Often,Almost Never,Never,Not at all sure,Not at all sure,Not at all sure,Not at all sure,Not at all sure,Not at all sure,Not at all sure,,177
2020-05-08 08:36:58,2020-05-08 08:42:51,IP Address,50.96.204.221,100,352,True,2020-05-08 08:42:51,R_3EPWx74tSILbVaG,,,,,43.055999755859375,-92.31310272216796875,anonymous,EN,18-22,Female,,Caucasian,,United States,,Junior-level courses,No,I transferred in one or more courses,No,,Yes,8-12 hours,Yes,"Hospital CNA ",,0-4 hours,Often True,True Nearly All of the Time,Often True,Often True,True Nearly All of the Time,Rarely True,Often True,Often True,True Nearly All of the Time,True Nearly All of the Time,True Nearly All of the Time,True Nearly All of the Time,True Nearly All of the Time,Sometimes True,True Nearly All of the Time,True Nearly All of the Time,True Nearly All of the Time,Often True,Often True,Often True,Often True,True Nearly All of the Time,Often True,Often True,True Nearly All of the Time,Somewhat Frequently,Almost Never,Very Infrequently,Very Frequently,Very Infrequently,Almost Never,Somewhat Frequently,Somewhat Infrequently,Somewhat Frequently,Very Infrequently,Very Infrequently,Almost Never,Somewhat Frequently,Very Infrequently,Very Infrequently,Very Often,Fairly Often,Very Often,Fairly Often,Sometimes,Fairly Often,Almost Never,Almost Never,Sometimes,Fairly Often,Very Often,Very Often,Fairly Often,Sometimes,Over half the days,Over half the days,Over half the days,Over half the days,Several days,Several days,Not at all sure,Somewhat difficult,193
2020-05-08 08:42:21,2020-05-08 08:56:16,IP Address,199.59.238.163,100,834,True,2020-05-08 08:56:16,R_1isqu1nd6sNpQzJ,,,,,42.4674072265625,-91.88030242919921875,anonymous,EN,18-22,Female,,Caucasian,,United States,,Sophomore-level courses,No,I have followed the laid out curriculum plan for the nursing major,Yes,8-12 hours,No,1-4 hours,No,,SASC (Student Academic Support Center),0-4 hours,Often True,True Nearly All of the Time,Often True,True Nearly All of the Time,Often True,True Nearly All of the Time,True Nearly All of the Time,Often True,Often True,True Nearly All of the Time,True Nearly All of the Time,True Nearly All of the Time,Often True,True Nearly All of the Time,True Nearly All of the Time,Often True,True Nearly All of the Time,Often True,Often True,Often True,True Nearly All of the Time,Often True,True Nearly All of the Time,Often True,True Nearly All of the Time,Somewhat Infrequently,Very Infrequently,Very Infrequently,Very Infrequently,Very Infrequently,Somewhat Infrequently,Somewhat Frequently,Very Infrequently,,Somewhat Infrequently,Very Infrequently,Very Infrequently,Somewhat Frequently,Somewhat Infrequently,Very Infrequently,Almost Never,Almost Never,Fairly Often,Fairly Often,Sometimes,Fairly Often,Fairly Often,Sometimes,Fairly Often,Fairly Often,Sometimes,Fairly Often,Fairly Often,Almost Never,Over half the days,Several days,Several days,Over half the days,Several days,Over half the days,Over half the days,Somewhat difficult,182
2020-05-08 08:52:36,2020-05-08 08:59:08,IP Address,96.42.90.191,100,392,True,2020-05-08 08:59:09,R_2aXMZ96cDjzpcqB,,,,,44.1078033447265625,-92.40529632568359375,anonymous,EN,18-22,Female,,Caucasian,,United States,,Junior-level courses,No,I transferred in one or more courses,No,,No,,No,,"SASC (Student Academic Support Center),Counseling Services",0-4 hours,Often True,Often True,Sometimes True,Often True,Often True,True Nearly All of the Time,Often True,True Nearly All of the Time,True Nearly All of the Time,Sometimes True,Often True,Often True,Often True,Rarely True,Sometimes True,Often True,True Nearly All of the Time,Often True,True Nearly All of the Time,Often True,True Nearly All of the Time,Often True,Sometimes True,Sometimes True,Often True,Very Frequently,Very Infrequently,Very Frequently,Somewhat Infrequently,Very Infrequently,Somewhat Frequently,Very Frequently,Somewhat Frequently,Somewhat Infrequently,Very Frequently,Very Frequently,Very Frequently,Almost Always,Almost Always,Very Frequently,Almost Never,Sometimes,Very Often,Fairly Often,Fairly Often,Very Often,Sometimes,Almost Never,Fairly Often,Almost Never,Sometimes,Very Often,Sometimes,Very Often,Over half the days,Several days,Several days,Not at all sure,Not at all sure,Not at all sure,Several days,Somewhat difficult,147
2020-05-08 11:00:56,2020-05-08 11:07:25,IP Address,50.81.69.4,100,389,True,2020-05-08 11:07:26,R_1ilo3Mn622aCUQn,,,,,44.534393310546875,-93.93450164794921875,anonymous,EN,18-22,Female,,Caucasian,,United States,,First Year-level courses,No,I have followed the laid out curriculum plan for the nursing major,Yes,5-8 hours,Yes,8-12 hours,Yes,I work in a nursing home.,TRIO Achievement Program,0-4 hours,Often True,True Nearly All of the Time,Rarely True,True Nearly All of the Time,True Nearly All of the Time,Sometimes True,Often True,True Nearly All of the Time,Often True,True Nearly All of the Time,True Nearly All of the Time,True Nearly All of the Time,Often True,True Nearly All of the Time,True Nearly All of the Time,True Nearly All of the Time,True Nearly All of the Time,Often True,Often True,Rarely True,Often True,True Nearly All of the Time,True Nearly All of the Time,True Nearly All of the Time,True Nearly All of the Time,Almost Never,Almost Never,Very Frequently,Somewhat Frequently,Very Infrequently,Somewhat Infrequently,Almost Never,Very Infrequently,Almost Never,Somewhat Frequently,Very Frequently,Very Infrequently,Almost Never,Somewhat Frequently,Somewhat Frequently,Never,Almost Never,Fairly Often,Very Often,Fairly Often,Very Often,Fairly Often,Sometimes,Sometimes,Sometimes,Fairly Often,Very Often,Very Often,Almost Never,Not at all sure,Not at all sure,Over half the days,Over half the days,Several days,Several days,Not at all sure,Somewhat difficult,176
2020-05-08 10:59:19,2020-05-08 11:14:13,IP Address,50.80.229.237,100,894,True,2020-05-08 11:14:13,R_qwqFRGe2cg25PYB,,,,,39.7342987060546875,-90.22910308837890625,anonymous,EN,18-22,Female,,Caucasian,,United States,,Sophomore-level courses,No,I transferred in one or more courses,Yes,5-8 hours,No,,,,,0-4 hours,Often True,True Nearly All of the Time,Sometimes True,Often True,True Nearly All of the Time,True Nearly All of the Time,Often True,True Nearly All of the Time,Often True,Often True,True Nearly All of the Time,Often True,True Nearly All of the Time,Sometimes True,Often True,Often True,True Nearly All of the Time,Often True,Often True,True Nearly All of the Time,True Nearly All of the Time,Often True,Often True,Often True,Often True,Very Infrequently,Somewhat Infrequently,Somewhat Frequently,Very Frequently,Very Infrequently,Almost Always,Somewhat Frequently,Somewhat Frequently,Somewhat Infrequently,Somewhat Infrequently,Very Frequently,Very Infrequently,Very Infrequently,Somewhat Frequently,Very Frequently,Sometimes,Sometimes,Fairly Often,Fairly Often,Fairly Often,Fairly Often,Sometimes,Almost Never,Sometimes,Sometimes,Almost Never,Sometimes,Fairly Often,Sometimes,Several days,Not at all sure,Several days,Several days,Not at all sure,Several days,Several days,Somewhat difficult,161
2020-05-08 12:11:36,2020-05-08 12:19:05,IP Address,75.73.104.66,100,449,True,2020-05-08 12:19:05,R_3RjzP6yn8aP5TZI,,,,,44.82659912109375,-93.375,anonymous,EN,18-22,Female,,Caucasian,,United States,,Sophomore-level courses,No,I have followed the laid out curriculum plan for the nursing major,No,,No,,Yes,"Nursing home ",Counseling Services,5-8 hours,Often True,Often True,Sometimes True,Often True,Often True,Sometimes True,Sometimes True,Often True,Often True,Often True,Often True,Sometimes True,Often True,Sometimes True,Often True,Sometimes True,Sometimes True,Sometimes True,Sometimes True,Often True,Often True,Sometimes True,Often True,Often True,Often True,Somewhat Frequently,Somewhat Infrequently,Somewhat Infrequently,Somewhat Frequently,Somewhat Frequently,Somewhat Infrequently,Somewhat Frequently,Somewhat Infrequently,Somewhat Frequently,Somewhat Infrequently,Somewhat Infrequently,Somewhat Frequently,Somewhat Frequently,Somewhat Infrequently,Somewhat Frequently,Fairly Often,Fairly Often,Fairly Often,Sometimes,Sometimes,Fairly Often,Sometimes,Fairly Often,Almost Never,Fairly Often,Fairly Often,Fairly Often,Sometimes,Sometimes,Over half the days,Over half the days,Over half the days,Over half the days,Over half the days,Over half the days,Several days,Somewhat difficult,163
2020-05-08 13:06:15,2020-05-08 13:14:04,IP Address,75.72.255.185,100,468,True,2020-05-08 13:14:04,R_24vBsFR2wfMp0Ul,,,,,45.0648040771484375,-92.8466033935546875,anonymous,EN,18-22,Female,,Caucasian,,United States,,Sophomore-level courses,No,I have followed the laid out curriculum plan for the nursing major,Yes,5-8 hours,Yes,13-16 hours,Yes,Nursing Home,,5-8 hours,Often True,Sometimes True,Not True at All,Sometimes True,Sometimes True,Rarely True,Often True,Often True,Sometimes True,True Nearly All of the Time,Often True,Often True,True Nearly All of the Time,Sometimes True,Sometimes True,Rarely True,Sometimes True,Sometimes True,Often True,True Nearly All of the Time,True Nearly All of the Time,True Nearly All of the Time,True Nearly All of the Time,Often True,True Nearly All of the Time,Very Frequently,Somewhat Infrequently,Somewhat Infrequently,Very Infrequently,Almost Never,Very Frequently,Somewhat Infrequently,Very Infrequently,Somewhat Infrequently,Almost Never,Somewhat Frequently,Almost Never,Somewhat Frequently,Very Infrequently,Very Infrequently,Sometimes,Fairly Often,Fairly Often,Almost Never,Fairly Often,Almost Never,Fairly Often,Very Often,Fairly Often,Never,Fairly Often,Very Often,Very Often,Very Often,Several days,Not at all sure,Several days,Not at all sure,Several days,Not at all sure,Several days,Somewhat difficult,171
2020-05-08 13:22:52,2020-05-08 13:28:44,IP Address,66.188.206.237,100,351,True,2020-05-08 13:28:44,R_2TUjTQ79wS8D6I4,,,,,44.04840087890625,-92.4947967529296875,anonymous,EN,18-22,Female,,Caucasian,,United States,,Junior-level courses,No,I transferred in one or more courses,No,,Yes,8-12 hours,Yes,Grocery store,,0-4 hours,Often True,True Nearly All of the Time,True Nearly All of the Time,Often True,Often True,Often True,True Nearly All of the Time,True Nearly All of the Time,True Nearly All of the Time,True Nearly All of the Time,Often True,True Nearly All of the Time,True Nearly All of the Time,Sometimes True,True Nearly All of the Time,Often True,True Nearly All of the Time,Often True,Sometimes True,Often True,Often True,Sometimes True,Often True,True Nearly All of the Time,True Nearly All of the Time,Somewhat Frequently,Somewhat Infrequently,Very Frequently,Almost Always,Almost Always,Very Frequently,Almost Always,Very Frequently,Almost Always,Almost Always,Very Frequently,Somewhat Frequently,Very Frequently,Very Frequently,Somewhat Frequently,Very Often,Very Often,Very Often,Sometimes,Sometimes,Sometimes,Sometimes,Very Often,Almost Never,Never,Fairly Often,Very Often,Never,Very Often,Nearly every day,Several days,Nearly every day,Nearly every day,Nearly every day,Over half the days,Not at all sure,Very difficult,175
2020-05-08 14:53:05,2020-05-08 14:58:28,IP Address,66.41.241.66,100,322,True,2020-05-08 14:58:28,R_3mf7EXsxBGW1i1t,,,,,44.805999755859375,-93.140899658203125,anonymous,EN,18-22,Female,,Caucasian,,United States,,First Year-level courses,No,I have followed the laid out curriculum plan for the nursing major,No,,No,,,,,5-8 hours,Often True,True Nearly All of the Time,Sometimes True,Often True,True Nearly All of the Time,Often True,Often True,True Nearly All of the Time,Sometimes True,True Nearly All of the Time,True Nearly All of the Time,Often True,Often True,Sometimes True,Rarely True,Sometimes True,Sometimes True,Sometimes True,Often True,Often True,True Nearly All of the Time,Often True,Sometimes True,Often True,True Nearly All of the Time,Very Frequently,Somewhat Infrequently,Somewhat Frequently,Somewhat Frequently,Somewhat Frequently,Very Infrequently,Somewhat Infrequently,Somewhat Frequently,Somewhat Infrequently,Somewhat Frequently,Very Frequently,Somewhat Infrequently,Very Frequently,Somewhat Frequently,Very Frequently,Sometimes,Sometimes,Sometimes,Fairly Often,Fairly Often,Fairly Often,Fairly Often,Almost Never,Sometimes,Sometimes,Fairly Often,Fairly Often,Sometimes,Almost Never,Several days,Several days,Several days,Not at all sure,Not at all sure,Several days,Not at all sure,Somewhat difficult,148
2020-05-08 16:26:49,2020-05-08 16:27:09,IP Address,50.83.106.252,30,20,False,2020-05-15 16:27:37,R_1nVMfhbavsJcOQD,,,,,,,anonymous,EN,18-22,Female,,Caucasian,,United States,,First Year-level courses,No,,,,,,,,,,,,,,,,,,,,,,,,,,,,,,,,,,,,,,,,,,,,,,,,,,,,,,,,,,,,,,,,,,,,,,,,
